제목,링크주소
달러 약세 속 위안화 약세…환율 1449.9원으로 하락(종합),https://v.daum.net/v/20250411160205784
"“한동훈 대선 출마 강하게 반대” 안철수, 이유가…",https://v.daum.net/v/20250411155844663
"""달러 '안전자산' 매력 잃어""…달러인덱스, 장중 100선 붕괴",https://v.daum.net/v/20250411155137428
트럼프 타국 선박 구매 시사에…약세장에도 조선주 '활짝'(종합),https://v.daum.net/v/20250411154956372
"미중 경제 헤어질 결심?…""세자릿수 관세, 무역 멈춰세울 것""(종합)",https://v.daum.net/v/20250411154823329
李 경선캠프 '원팀' 부각…친문 윤호중·무계파 강훈식 전면배치(종합),https://v.daum.net/v/20250411154227120
'尹 이사 직전' 서초동 사저 정적 속 긴장감…한남동은 북새통(종합),https://v.daum.net/v/20250411153604890
"[단독] 홍준표 쪽, 5600만원 명태균 여론조사비 ‘대납’ 문건 나왔다",https://v.daum.net/v/20250411152504482
尹 복귀 앞두고 분주한 서초동…경찰 대비 강화,https://v.daum.net/v/20250411140415680
